{"frames":{"Figures#0":{"frame":{"x":1,"y":1,"w":314,"h":302},"rotated":false,"trimmed":false,"spriteSourceSize":{"x":0,"y":0,"w":314,"h":302},"sourceSize":{"w":314,"h":302},"pivot":{"x":0.5,"y":0.5}},"Figures#6":{"frame":{"x":317,"y":1,"w":314,"h":302},"rotated":false,"trimmed":false,"spriteSourceSize":{"x":0,"y":0,"w":314,"h":302},"sourceSize":{"w":314,"h":302},"pivot":{"x":0.5,"y":0.5}},"Figures#1":{"frame":{"x":633,"y":1,"w":314,"h":302},"rotated":false,"trimmed":false,"spriteSourceSize":{"x":0,"y":0,"w":314,"h":302},"sourceSize":{"w":314,"h":302},"pivot":{"x":0.5,"y":0.5}},"Figures#7":{"frame":{"x":1,"y":305,"w":314,"h":302},"rotated":false,"trimmed":false,"spriteSourceSize":{"x":0,"y":0,"w":314,"h":302},"sourceSize":{"w":314,"h":302},"pivot":{"x":0.5,"y":0.5}},"Figures#2":{"frame":{"x":317,"y":305,"w":314,"h":302},"rotated":false,"trimmed":false,"spriteSourceSize":{"x":0,"y":0,"w":314,"h":302},"sourceSize":{"w":314,"h":302},"pivot":{"x":0.5,"y":0.5}},"Figures#8":{"frame":{"x":633,"y":305,"w":314,"h":302},"rotated":false,"trimmed":false,"spriteSourceSize":{"x":0,"y":0,"w":314,"h":302},"sourceSize":{"w":314,"h":302},"pivot":{"x":0.5,"y":0.5}},"Figures#3":{"frame":{"x":1,"y":609,"w":314,"h":302},"rotated":false,"trimmed":false,"spriteSourceSize":{"x":0,"y":0,"w":314,"h":302},"sourceSize":{"w":314,"h":302},"pivot":{"x":0.5,"y":0.5}},"Figures#9":{"frame":{"x":317,"y":609,"w":314,"h":302},"rotated":false,"trimmed":false,"spriteSourceSize":{"x":0,"y":0,"w":314,"h":302},"sourceSize":{"w":314,"h":302},"pivot":{"x":0.5,"y":0.5}},"Figures#4":{"frame":{"x":633,"y":609,"w":314,"h":302},"rotated":false,"trimmed":false,"spriteSourceSize":{"x":0,"y":0,"w":314,"h":302},"sourceSize":{"w":314,"h":302},"pivot":{"x":0.5,"y":0.5}},"Figures#10":{"frame":{"x":1,"y":913,"w":314,"h":302},"rotated":false,"trimmed":false,"spriteSourceSize":{"x":0,"y":0,"w":314,"h":302},"sourceSize":{"w":314,"h":302},"pivot":{"x":0.5,"y":0.5}},"Figures#5":{"frame":{"x":317,"y":913,"w":314,"h":302},"rotated":false,"trimmed":false,"spriteSourceSize":{"x":0,"y":0,"w":314,"h":302},"sourceSize":{"w":314,"h":302},"pivot":{"x":0.5,"y":0.5}},"Figures#11":{"frame":{"x":633,"y":913,"w":314,"h":302},"rotated":false,"trimmed":false,"spriteSourceSize":{"x":0,"y":0,"w":314,"h":302},"sourceSize":{"w":314,"h":302},"pivot":{"x":0.5,"y":0.5}}},"meta":{"app":"","version":"1.0","image":"dummy.png","format":"RGBA8888","size":{"w":948,"h":1216},"scale":"1"}}